{"accuracy": 0.7077922077922078, "roc_auc": 0.7868518518518518}